Workbook

Sheet All Items
A1: Feedback Analysis — 15 Slides, 55 Items
A3: No. | B3: Group | C3: Issue / Feedback | D3: Slide | E3: Priority | F3: Status | G3: Assignee | H3: Comment
A4: 1 | B4: UI/UX | C4: Title "Frontend" → เปลี่ยนเป็น "IT Project System" | D4: 1 | E4: P2 | F4: Pending
A5: 2 | B5: UI/UX | C5: Logo → เปลี่ยนเป็นโลโก้เสนา | D5: 2 | E5: P2 | F5: Pending
A6: 3 | B6: UI/UX | C6: "Welcome back" → เปลี่ยนเป็น "Dashboard" | D6: 2 | E6: P2 | F6: Pending
A7: 4 | B7: UI/UX | C7: Quick Access + Team Activity ล้นจอขวา → ย้ายลงล่าง | D7: 2 | E7: P2 | F7: Pending
A8: 5 | B8: UI/UX | C8: Sidebar ย่อ/ขยายได้ (<<, >>) | D8: 3 | E8: P1 | F8: Pending
A9: 6 | B9: UI/UX | C9: Stat boxes ไม่ใส่สี, ตัวเลขตัวหนาสีดำ | D9: 3-4 | E9: P2 | F9: Pending
A10: 7 | B10: UI/UX | C10: ย้าย Daily Updates ขึ้นต่อจาก Description + เส้นคั่น | D10: 10 | E10: P2 | F10: Pending
A11: 8 | B11: UI/UX | C11: ลบ Progress (%) + Current Status ออก | D11: 11 | E11: P2 | F11: Pending
A12: 9 | B12: UI/UX | C12: Gantt: Time Remaining ไม่หมุน, กล่อง 1 บรรทัด | D12: 13 | E12: P2 | F12: Pending
A13: 10 | B13: UI/UX | C13: Calendar: ตัด 2 กล่อง stat | D13: 14 | E13: P2 | F13: Pending
A14: 11 | B14: UI/UX | C14: Dashboard stat cards — เรียงใหม่ให้เหมาะกับ role | D14: 2 | E14: P2 | F14: Pending
A15: 12 | B15: UI/UX | C15: Task detail — จัดวาง section ใหม่ให้อ่านง่าย | D15: 10 | E15: P2 | F15: Pending
... A58: 55 | B58: Data/Architecture | C58: Logging / monitoring (production) | D58: — | E58: P3 | F58: Pending
A59: Total | B59: =COUNTA(B4:B58) -> 55

Sheet Priority Matrix
A1: Priority Matrix
A3: Priority | B3: Level | C3: Items Count | D3: ตัวอย่าง Key Issues | E3: Target Sprint
A4: P0 | B4: Critical | C4: =COUNTIF('All Items'!E4:E58,"P0") -> 7 | D4: Role-based visibility, Mandatory status comment + log, แยก Project type | E4: Sprint 1 (Week 1-2)
A5: P1 | B5: High | C5: =COUNTIF('All Items'!E4:E58,"P1") -> 9 | D5: My Projects page, List View + filter, Subtask dates/assignee, Sidebar collapse | E5: Sprint 2 (Week 3-4)
A6: P2 | B6: Medium | C6: =COUNTIF('All Items'!E4:E58,"P2") -> 30 | D6: Text/label/สี changes, ลบ Progress %, แนบไฟล์, Calendar filter | E6: Sprint 1-3
A7: P3 | B7: Low | C7: =COUNTIF('All Items'!E4:E58,"P3") -> 9 | D7: Gantt drag, Zimbra email, Responsive tablet, Drag reorder columns | E7: Sprint 3 (Week 5+)
B8: Total | C8: =SUM(C4:C7) -> 55

Sheet Group Summary
A1: Summary by Group
A3: Group | B3: Items Count | C3: P0 | D3: P1
A4: UI/UX | B4: =COUNTIF('All Items'!B4:B58,A4) -> 20 | C4: =COUNTIFS('All Items'!B4:B58,A4,'All Items'!E4:E58,"P0") -> 0 | D4: =COUNTIFS('All Items'!B4:B58,A4,'All Items'!E4:E58,"P1") -> 1
A5: Role & Permission | B5: =COUNTIF('All Items'!B4:B58,A5) -> 6 | C5: =COUNTIFS('All Items'!B4:B58,A5,'All Items'!E4:E58,"P0") -> 4 | D5: =COUNTIFS('All Items'!B4:B58,A5,'All Items'!E4:E58,"P1") -> 2
A6: New Feature | B6: =COUNTIF('All Items'!B4:B58,A6) -> 22 | C6: =COUNTIFS('All Items'!B4:B58,A6,'All Items'!E4:E58,"P0") -> 2 | D6: =COUNTIFS('All Items'!B4:B58,A6,'All Items'!E4:E58,"P1") -> 6
A7: Data/Architecture | B7: =COUNTIF('All Items'!B4:B58,A7) -> 7 | C7: =COUNTIFS('All Items'!B4:B58,A7,'All Items'!E4:E58,"P0") -> 1 | D7: =COUNTIFS('All Items'!B4:B58,A7,'All Items'!E4:E58,"P1") -> 0
A8: Total | B8: =SUM(B4:B7) -> 55 | C8: =SUM(C4:C7) -> 7 | D8: =SUM(D4:D7) -> 9

Sheet Sprint Plan
A1: Sprint Plan
A3: Sprint | B3: ระยะเวลา | C3: Priority | D3: งานหลัก | E3: หมายเหตุ
A4: Sprint 1 | B4: Week 1-2 | C4: P0 + P2 Quick Wins | D4: Role-based visibility (Dashboard/Tasks) Mandatory comment on status change + History log แยก Project vs Internal project Text/label/CSS quick fixes
A5: Sprint 2 | B5: Week 3-4 | C5: P1 ทั้งหมด | D5: My Projects page List View + sorting + multi-filter Sidebar collapse (<<, >>) Subtask start/due date + assignee Admin permission management
A6: Sprint 3 | B6: Week 5+ | C6: P2 ที่เหลือ + P3 | D6: Gantt drag → auto update Calendar สีตามสถานะ + filter Zimbra email integration Responsive (PC, Tablet, iPad) แนบไฟล์ + Notification + Export PDF

Sheet Implementation Guide
A1: แนวทางแก้ไข — ไฟล์ที่ต้องแก้
A3: Priority | B3: Feature | C3: File / Path | D3: Action | E3: หมายเหตุ
A4: P0 | B4: Role-based visibility | C4: backend/src/services/project.service.ts | D4: filter by role
A5: P0 | B5: Role-based visibility | C5: backend/src/services/task.service.ts | D5: filter by role
A6: P0 | B6: Role-based visibility | C6: frontend/src/pages/dashboard/DashboardPage.tsx | D6: stats ตาม user role
A7: P0 | B7: Mandatory comment on status change | C7: backend/prisma/schema.prisma | D7: เพิ่ม StatusChangeLog model
A8: P0 | B8: Mandatory comment on status change | C8: backend/src/services/task.service.ts | D8: validate note required
A9: P0 | B9: Mandatory comment on status change | C9: frontend/src/pages/task/MyTasksPage.tsx | D9: popup ให้กรอก note
A10: P0 | B10: Mandatory comment on status change | C10: frontend/src/pages/task/TaskDetailModal.tsx | D10: popup ให้กรอก note
A11: P0 | B11: Project vs Internal | C11: backend/prisma/schema.prisma | D11: เพิ่ม projectType field
A12: P0 | B12: Project vs Internal | C12: frontend/src/pages/project/ProjectsPage.tsx | D12: tab/filter แยก type
A13: P1 | B13: My Projects page | C13: frontend/src/pages/project/MyProjectsPage.tsx | D13: สร้างใหม่
A14: P1 | B14: My Projects page | C14: backend/src/routes/project.routes.ts | D14: GET /projects/my
A15: P1 | B15: List View + Filter | C15: frontend/src/pages/task/MyTasksPage.tsx | D15: toggle Board/List + <Table> + filter panel
... A17: P1 | B17: Subtask dates/assignee | C17: backend/prisma/schema.prisma | D17: เพิ่ม startDate, dueDate, assigneeId ใน Subtask
